,total_orders,revenue,total_cancellations,lost_rev,percent_cancel
0,66344,1413628.2099999622,2612,56907.74000000011,0.039370553478837576
