,delivery_platform,total_orders,revenue
0,doordash,60003,1275669.3699999726
1,ubereats,3729,81051.10000000036
